feature_1,feature_2,target
0.6755228,0.08684915,1
0.074504554,0.9659819,0
0.112209976,0.4823737,0
0.92974925,0.9868129,0
0.3109638,0.08205432,1
0.012116373,0.26489526,0
0.3130691,0.15424949,1
0.25506848,0.7873103,0
0.40963274,0.085484445,1
0.69981843,0.24883682,1
0.8826523,0.9932327,0
0.6133222,0.42406934,1
0.68072426,0.9270595,0
0.9836152,0.16282594,1
0.0924865,0.26486403,0
0.040281057,0.37625527,0
0.67258376,0.16523504,1
0.44314092,0.64223,0
0.48660672,0.6653696,0
0.27463037,0.37027884,0
0.114234805,0.8825912,0
0.43846965,0.09402257,1
0.52383095,0.71851015,0
0.037442982,0.8042616,0
0.98126954,0.03542328,1
0.2830773,0.7237175,0
0.379987,0.7295268,0
0.9790933,0.25118577,1
0.5085681,0.5624606,0
0.5337063,0.36721367,1
0.7546034,0.9151773,0
0.36650908,0.10393953,1
0.49939716,0.78010416,0
0.49839675,0.74973696,0
0.20125973,0.25391328,1
0.88001883,0.70809156,1
0.4185133,0.34532326,1
0.41638738,0.412714,1
0.2201106,0.4317578,0
0.26549923,0.5057002,0
0.80030775,0.34071034,1
0.5938015,0.87772477,0
0.13366169,0.38640976,0
0.12101978,0.365148,0
0.05161059,0.19080901,1
0.19817913,0.9577236,0
0.6270287,0.68284,0
0.9470321,0.7009105,1
0.21848923,0.4639097,0
0.39561486,0.121019125,1
0.5316617,0.60046786,0
0.4253642,0.9438034,0
0.47280896,0.5680115,0
0.8943403,0.035066843,1
0.9217963,0.62635845,1
0.29407758,0.49648637,0
0.009835899,0.65077287,0
0.002329111,0.34530318,0
0.16826278,0.8423902,0
0.66601056,0.21325856,1
0.23181707,0.20954746,1
0.8200358,0.34136307,1
0.7956174,0.29125333,1
0.52985924,0.51340324,1
0.7376574,0.2766447,1
0.9602693,0.61236906,1
0.42615765,0.5284004,0
0.4417132,0.6255612,0
0.8719687,0.5112769,1
0.73163456,0.23405063,1
0.028179765,0.6567264,0
0.8353705,0.23797154,1
0.8872906,0.8319553,0
0.032788157,0.43298912,0
0.51812154,0.40856886,1
0.50575954,0.22541237,1
0.24603343,0.1455872,1
0.20454937,0.70032275,0
0.60509735,0.36227882,1
0.49082845,0.74494696,0
0.6679937,0.26555783,1
0.35931617,0.15528148,1
0.9484766,0.2444396,1
0.12246019,0.27728587,0
0.4393593,0.35035104,1
0.6573951,0.037825108,1
0.8252416,0.16127199,1
0.47272378,0.5567705,0
0.9983864,0.048479497,1
0.737076,0.34239382,1
0.15671879,0.14766163,1
0.9502548,0.7707806,1
0.18009579,0.16754758,1
0.71574533,0.850382,0
0.73034745,0.07460785,1
0.86743194,0.92872363,0
0.77150583,0.23861331,1
0.82641876,0.520571,1
0.33031029,0.15326339,1
0.41318148,0.48963034,0
0.8134746,0.13742435,1
0.015161455,0.100357175,1
0.92423534,0.010276198,1
0.64438343,0.66937107,0
0.60461986,0.48812306,1
0.7861477,0.16706884,1
0.48586375,0.020629883,1
0.7277475,0.009043813,1
0.013487399,0.8096256,0
0.354654,0.54098004,0
0.04508096,0.95939016,0
0.8451429,0.86300576,0
0.18623215,0.9386319,0
0.44480377,0.48943418,0
0.9385925,0.6077407,1
0.010666847,0.05157405,1
0.76760465,0.3227967,1
0.33721042,0.18922007,1
0.29279613,0.49483323,0
0.73396724,0.935309,0
0.6696138,0.6624269,0
0.1945818,0.50251883,0
0.61848646,0.95779693,0
0.65611833,0.24209249,1
0.9587439,0.9932441,0
0.8321416,0.21219522,1
0.15738773,0.8385642,0
0.9826617,0.2811702,1
0.105360806,0.46653026,0
0.73447907,0.7965856,0
0.4440478,0.66617376,0
0.30825824,0.4456728,0
0.13991529,0.7245118,0
0.024147809,0.12001294,1
0.092593074,0.2391091,0
0.23867458,0.66900253,0
0.5868301,0.6215532,0
0.73831713,0.18279856,1
0.15168875,0.7662485,0
0.5558034,0.08563006,1
0.041353762,0.9795628,0
0.6709574,0.67771035,0
0.9451023,0.26768023,1
0.49517304,0.43477935,1
0.8203198,0.7690377,0
0.37490553,0.59251827,0
0.9777306,0.19262445,1
0.8357553,0.39249593,1
0.5984466,0.0099051595,1
0.89755505,0.6587537,1
0.34298408,0.33988303,1
0.13961476,0.558424,0
0.57426876,0.90106744,0
0.1732589,0.26967186,1
0.13926762,0.9256097,0
0.29305202,0.026366413,1
0.13455367,0.43973625,0
0.40129107,0.47442758,0
0.060409725,0.62357587,0
0.80455446,0.75100756,0
0.5737908,0.5769607,0
0.5917439,0.5129207,1
0.8295197,0.7097736,1
0.179869,0.60145533,0
0.3974542,0.4388888,0
0.7870449,0.87822425,0
0.87148947,0.504424,1
0.67345977,0.27867043,1
0.14995098,0.8812,0
0.6295478,0.32882452,1
0.21071202,0.3574525,0
0.9799701,0.61107063,1
0.2471472,0.7436991,0
0.86427605,0.58212703,1
0.1341523,0.8357439,0
0.05094701,0.440064,0
0.47832978,0.31164777,1
0.68657035,0.13336784,1
0.46998912,0.7891739,0
0.8221454,0.5013369,1
0.2356267,0.7651072,0
0.7293374,0.36522996,1
0.60785687,0.7066462,0
0.112719715,0.9171193,0
0.44859552,0.6396469,0
0.30165476,0.75974154,0
0.25944155,0.9235274,0
0.9610144,0.61476636,1
0.16721332,0.6723761,0
0.9629854,0.03691888,1
0.8756352,0.28165627,1
0.38133264,0.42494756,0
0.48517615,0.648348,0
0.677854,0.1057421,1
0.22231662,0.74532276,0
0.6764746,0.21448076,1
0.67157364,0.18508774,1
0.3818285,0.8972518,0
0.03723383,0.7059284,0
0.04855007,0.2748559,0
0.591066,0.57757175,0
0.57671285,0.71139383,0
0.2767591,0.2732082,1
0.20234221,0.8963734,0
0.6774408,0.17083812,1
0.27113158,0.9185471,0
0.93122,0.97407925,0
0.97357696,0.041640937,1
0.5929279,0.36061323,1
0.9092319,0.83527464,0
0.2746898,0.25479025,1
0.7526847,0.85915864,0
0.6693032,0.71348363,0
0.23357183,0.6700752,0
0.6131146,0.00094640255,1
0.53659296,0.6536953,0
0.6565215,0.6333213,0
0.11686587,0.40221828,0
0.3433197,0.9355279,0
0.25748056,0.2105667,1
0.30841863,0.3304785,1
0.6134513,0.93989986,0
0.017439306,0.94717324,0
0.81184953,0.7831066,0
0.23026448,0.24148458,1
0.3973987,0.09823203,1
0.14595526,0.8231065,0
0.62070733,0.38528818,1
0.995104,0.5670002,1
0.6925072,0.11687571,1
0.24497837,0.99194634,0
0.9103662,0.93583614,0
0.66917115,0.12245917,1
0.16393983,0.05527574,1
0.93805075,0.058116496,1
0.22487575,0.106669486,1
0.72499657,0.18312585,1
0.80327684,0.7105744,0
0.723237,0.8202054,0
0.45644063,0.3119654,1
0.3498279,0.146492,1
0.78472215,0.563963,1
0.5731618,0.03304702,1
0.097366154,0.22706312,1
0.70401067,0.6661742,0
0.7702737,0.47762167,1
0.38828647,0.88426584,0
0.9132111,0.8370482,0
0.39093792,0.17319196,1
0.4530921,0.3152389,1
0.82443017,0.4599473,1
0.12434536,0.008741796,1
0.7794514,0.70902044,0
0.37072116,0.21835953,1
0.056304634,0.8980469,0
0.7712529,0.054739475,1
0.8172895,0.70282394,1
0.47732723,0.6310787,0
0.0020929575,0.6177003,0
0.867165,0.960342,0
0.51567435,0.83210343,0
0.2991665,0.3785671,0
0.8308579,0.7641649,0
0.5974429,0.1406607,1
0.1264329,0.6614584,0
0.59205973,0.47082782,1
0.16800493,0.41552526,0
0.086422145,0.04492867,1
0.5401543,0.3406108,1
0.0080679655,0.9355865,0
0.77896005,0.56625485,1
0.36717665,0.97360504,0
0.30310214,0.8299217,0
0.20134544,0.051169157,1
0.6502379,0.794421,0
0.7745955,0.5958078,1
0.61403084,0.17282408,1
0.2093023,0.9931748,0
0.8786973,0.961288,0
0.75995475,0.19069499,1
0.5850687,0.15013975,1
0.20561832,0.58633906,0
0.7627536,0.8917294,0
0.41017812,0.75302655,0
0.17110097,0.7049271,0
0.52844715,0.2308923,1
0.07051599,0.61800945,0
0.26405752,0.9970858,0
0.28579307,0.08936334,1
0.18564558,0.75710106,0
0.5895613,0.07187152,1
0.56568325,0.8742219,0
0.2689672,0.008181095,1
0.8511448,0.49962837,1
0.9636023,0.75409526,1
0.6300436,0.4008978,1
0.40436405,0.29877204,1
0.9957417,0.31661433,1
0.026830375,0.4848199,0
0.29656875,0.6490963,0
0.30102986,0.65367407,0
0.052496076,0.05042982,1
0.86292315,0.17295235,1
0.9236832,0.8753697,0
0.59556,0.9912338,0
0.41831386,0.77648014,0
0.56570655,0.3218758,1
0.058917463,0.3643347,0
0.56864285,0.43169743,1
0.72908926,0.19730401,1
0.5350813,0.2847656,1
0.22470784,0.69430894,0
0.40036732,0.32253164,1
0.8654636,0.6245207,1
0.40889037,0.6189826,0
0.14955622,0.9414884,0
0.16257524,0.4105264,0
0.4535547,0.22448981,1
0.6291251,0.7046247,0
0.61070436,0.18606585,1
0.14106137,0.6841504,0
0.8096761,0.26886737,1
0.7559199,0.0061013103,1
0.38864142,0.5107635,0
0.85367715,0.33315766,1
0.34469104,0.37413895,1
0.15050554,0.92187154,0
0.7147506,0.7756146,0
0.93187314,0.3106594,1
0.5142393,0.06651181,1
0.20771384,0.5247343,0
0.2075327,0.909265,0
0.9196325,0.30287862,1
0.9768622,0.6330128,1
0.72517186,0.86220324,0
0.041872144,0.3105067,0
0.5679742,0.6158315,0
0.89381737,0.1695289,1
0.17680877,0.3645035,0
0.8837996,0.77067524,0
0.72236127,0.30074054,1
0.4906392,0.18059486,1
0.9881385,0.03323978,1
0.33643228,0.07489371,1
0.2185443,0.46565557,0
0.731315,0.32689404,1
0.3243783,0.1279862,1
0.3339516,0.7418097,0
0.24304354,0.8523831,0
0.40030825,0.19984204,1
0.6200924,0.60191447,0
0.25474077,0.2465617,1
0.57402116,0.42322963,1
0.9371172,0.10875636,1
0.21572691,0.46685708,0
0.51267505,0.5393992,0
0.54620767,0.43759197,1
0.28318906,0.3319943,1
0.45486653,0.90249294,0
0.39653325,0.32921648,1
0.39966512,0.3683619,1
0.71519464,0.10110998,1
0.9847336,0.9824525,0
0.839638,0.7778278,0
0.23808527,0.26803094,1
0.88593704,0.7826568,0
0.19976246,0.4168213,0
0.6755593,0.7621234,0
0.6470836,0.97652626,0
0.12837434,0.67834437,0
0.542502,0.7213406,0
0.7244248,0.7773072,0
0.8937292,0.90963113,0
0.01162231,0.24750376,0
0.73673123,0.9195629,0
0.021556139,0.17534423,1
0.25208092,0.31264228,1
0.21557021,0.16683877,1
0.37747312,0.9708906,0
0.4000581,0.48751986,0
0.431736,0.788682,0
0.24864471,0.30502987,1
0.9351579,0.059294045,1
0.6782696,0.48822987,1
0.17541897,0.40380162,0
0.21825844,0.13658708,1
0.123562455,0.80632144,0
0.29182684,0.30736804,1
0.42395747,0.45010012,0
0.5785258,0.0053749084,1
0.5158246,0.22259545,1
0.8360236,0.0037629008,1
0.46795058,0.6917076,0
0.40704072,0.34857142,1
0.985221,0.38823837,1
0.6316151,0.15657681,1
0.29603457,0.9222868,0
0.5141309,0.4885128,1
0.65556455,0.43592376,1
0.9528814,0.06590325,1
0.61312324,0.70620424,0
0.019199312,0.19161576,0
0.87822956,0.11550236,1
0.12838322,0.6636652,0
0.60009104,0.65339553,0
0.7340236,0.39943844,1
0.190575,0.47174174,0
0.4468928,0.625799,0
0.83979034,0.6121812,1
0.50383085,0.69675887,0
0.92476827,0.8295903,0
0.997173,0.66913676,1
0.15831792,0.04169035,1
0.08768523,0.42463964,0
0.7936124,0.87105006,0
0.40673298,0.50917304,0
0.596304,0.7080399,0
0.9933411,0.3087662,1
0.30963206,0.3099625,1
0.077240646,0.20684534,1
0.2641273,0.5896224,0
0.56066245,0.25198734,1
0.7213568,0.23441023,1
0.49156886,0.3866685,1
0.40110993,0.14219528,1
0.018010557,0.72111636,0
0.92762953,0.8407329,0
0.78815556,0.16215682,1
0.91910106,0.1819061,1
0.6622013,0.41828156,1
0.6650323,0.51384544,1
0.052551687,0.8027621,0
0.27482688,0.5509411,0
0.17043847,0.5840854,0
0.6496826,0.41295987,1
0.47053653,0.026116312,1
0.29382324,0.39597595,0
0.20242274,0.02892524,1
0.053676903,0.35626447,0
0.7623958,0.3292184,1
0.6075343,0.27299923,1
0.32358164,0.13145864,1
0.25916392,0.10459316,1
0.5089044,0.72620994,0
0.47810847,0.552131,0
0.95564115,0.10460091,1
0.7092993,0.33879918,1
0.0016987324,0.7445803,0
0.3461122,0.9742892,0
0.8221863,0.7983432,0
0.7766229,0.07748473,1
0.30666023,0.9921703,0
0.9648475,0.3150772,1
0.39501923,0.27565187,1
0.8169505,0.2407133,1
0.17191565,0.8391595,0
0.8066479,0.4070515,1
0.6761977,0.23754871,1
0.6801933,0.11615574,1
0.2832842,0.89672166,0
0.10529375,0.4622451,0
0.5880267,0.921908,0
0.53353786,0.09568673,1
0.61825293,0.5962654,0
0.17385697,0.38791114,0
0.42543674,0.79352534,0
0.71189004,0.10658479,1
0.4113441,0.1994673,1
0.5765096,0.8361027,0
0.6740358,0.61124617,1
0.04455316,0.87283736,0
0.24708146,0.7009236,0
0.8918651,0.82028013,0
0.7229562,0.8108138,0
0.055496216,0.37905484,0
0.9078051,0.6324594,1
0.2822749,0.6451665,0
0.83558553,0.9486369,0
0.30101824,0.92988324,0
0.17077607,0.7330583,0
0.9993031,0.5382388,1
0.39751452,0.50852334,0
0.36255133,0.40142268,1
0.02739489,0.6185006,0
0.23855305,0.9739473,0
0.26717246,0.72370225,0
0.5505421,0.7851612,0
0.5325689,0.5273825,0
0.35863584,0.9316112,0
0.15092516,0.07440233,1
0.9608753,0.17236227,1
0.42941266,0.2096597,1
0.12081581,0.21182603,1
0.32036978,0.67867726,0
0.54587865,0.018478036,1
0.46092987,0.7772843,0
0.24890792,0.5851272,0
0.19032282,0.95198226,0
0.5283076,0.5479329,0
0.021763206,0.0540936,1
0.19850332,0.75624543,0
0.57561445,0.15335542,1
0.56712735,0.61741453,0
0.9932897,0.82251585,1
0.5011911,0.7203813,0
0.6401584,0.8749894,0
0.057589352,0.30980867,0
0.19380116,0.7657242,0
0.54433376,0.89536065,0
0.5260559,0.5033227,1
0.20608568,0.5353792,0
0.34743303,0.21329534,1
0.87539464,0.5876403,1
0.91733295,0.36360377,1
0.013910115,0.9467409,0
0.014441848,0.5385151,0
0.27590632,0.20292163,1
0.48150516,0.39123803,1
0.99475896,0.7928539,1
0.7529548,0.20840418,1
0.8096035,0.47405958,1
0.6616809,0.15802902,1
0.91200316,0.69124424,1
0.29333776,0.79546654,0
0.21382338,0.21433067,1
0.18781757,0.72942513,0
0.36881298,0.69025457,0
0.46314222,0.2470094,1
0.04667175,0.5666488,0
0.41399133,0.5518098,0
0.87938654,0.09486371,1
0.6270986,0.9971796,0
0.323758,0.61428505,0
0.011407912,0.24629378,0
0.5753451,0.37954128,1
0.8817592,0.44428134,1
0.7079327,0.7831842,0
0.522779,0.53047895,0
0.284625,0.20191568,1
0.84049344,0.2073875,1
0.09414452,0.3804111,0
0.81183094,0.9301319,0
0.9740556,0.456856,1
0.7718475,0.16208583,1
0.87351626,0.17526537,1
0.118584335,0.5592507,0
0.7665456,0.33115482,1
0.3719858,0.056470692,1
0.88967043,0.7959331,0
0.9781816,0.21871656,1
0.42569417,0.9953729,0
0.16242576,0.53940046,0
0.9309963,0.47005928,1
0.54136586,0.17942023,1
0.19058949,0.68957675,0
0.0046753287,0.30003214,0
0.08088076,0.9102583,0
0.23502105,0.020978212,1
0.62764287,0.4806348,1
0.52567244,0.98454773,0
0.49331725,0.6224818,0
0.8621328,0.407861,1
0.74011606,0.073916554,1
0.61851496,0.6682387,0
0.26083463,0.5774345,0
0.8946273,0.9440734,0
0.86518157,0.73759264,1
0.57719606,0.8876594,0
0.7736612,0.5256334,1
0.20262885,0.0046666265,1
0.59505683,0.45972472,1
0.8785726,0.75550765,0
0.5245001,0.68072504,0
0.66744906,0.0074668527,1
0.60337925,0.09147757,1
0.23129368,0.03353119,1
0.9938337,0.56491464,1
0.926635,0.73302853,1
0.67670375,0.18233484,1
0.27011156,0.18753594,1
0.5985759,0.5103162,1
0.5041636,0.90265185,0
0.05330199,0.5344249,0
0.9013285,0.08469516,1
0.6779181,0.20913976,1
0.25398213,0.78913146,0
0.7634512,0.37138337,1
0.36576122,0.6076168,0
0.90165,0.09829247,1
0.08951497,0.30895716,0
0.4577744,0.50718975,0
0.7333371,0.2389893,1
0.22568196,0.76728034,0
0.82160354,0.8183655,0
0.46903777,0.4617651,1
0.92786884,0.42889076,1
0.7889053,0.3721884,1
0.12222487,0.92961717,0
0.5308336,0.19123054,1
0.5912448,0.8491186,0
0.40669984,0.9138669,0
0.31978554,0.51264167,0
0.2708614,0.12853742,1
0.766961,0.80638546,0
0.041701972,0.46182156,0
0.30572706,0.76736987,0
0.19044608,0.80987155,0
0.030268848,0.39556408,0
0.69025177,0.6827067,0
0.5056887,0.75328803,0
0.38861525,0.21766716,1
0.07760084,0.6548814,0
0.6065842,0.6520285,0
0.3746603,0.61852074,0
0.36843747,0.5044194,0
0.1048609,0.3790666,0
0.66515505,0.94827825,0
0.9871849,0.77207893,1
0.6749013,0.05766225,1
0.9123862,0.9145725,0
0.24167794,0.64892405,0
0.8784869,0.9904763,0
0.8894506,0.29703844,1
0.08287883,0.61547196,0
0.36058927,0.008908331,1
0.27019703,0.4769222,0
0.7007742,0.9381708,0
0.91767126,0.96573263,0
0.78408426,0.5677567,1
0.24334711,0.21006018,1
0.7598039,0.13016355,1
0.85820806,0.3535809,1
0.6695848,0.59197754,1
0.35005182,0.47426474,0
0.6024306,0.0057737827,1
0.6340078,0.11102909,1
0.35588235,0.058121324,1
0.91694933,0.5929952,1
0.9533566,0.3258903,1
0.19147676,0.2593252,1
0.7694537,0.6306305,1
0.47325975,0.20894581,1
0.9093301,0.34649056,1
0.9672285,0.81477445,0
0.3123986,0.2355429,1
0.50691557,0.92868906,0
0.79068244,0.084843874,1
0.015685856,0.72173166,0
0.6509407,0.35395718,1
0.76758873,0.21350443,1
0.2830189,0.85609066,0
0.77121806,0.7174827,0
0.28631467,0.18225104,1
0.68552023,0.052978158,1
0.9451332,0.4977702,1
0.99411684,0.3097604,1
0.42734087,0.61023843,0
0.5212912,0.75662214,0
0.111267686,0.9917939,0
0.31282377,0.4215296,0
0.040305495,0.014410555,1
0.15335011,0.9702738,0
0.9211686,0.8963834,0
0.107165694,0.5712591,0
0.28933382,0.75181854,0
0.38215858,0.8792912,0
0.5341647,0.75904465,0
0.63858694,0.7434564,0
0.33179557,0.3190208,1
0.8797194,0.9213234,0
0.40586734,0.5221452,0
0.21865839,0.23866343,1
0.8575222,0.049024224,1
0.6347315,0.28345782,1
0.27149677,0.1310975,1
0.18102694,0.7507164,0
0.18821412,0.28926396,1
0.3322209,0.24052131,1
0.8274176,0.7871746,0
0.74682057,0.68221474,0
0.021108508,0.18521017,0
0.64142543,0.8569285,0
0.85443175,0.34114844,1
0.59504545,0.87467915,0
0.5346992,0.021028817,1
0.15573078,0.39410305,0
0.024156392,0.010548115,1
0.4711101,0.57937497,0
0.8597051,0.16914493,1
0.08727181,0.9262143,0
0.7125113,0.80176604,0
0.5127892,0.8297485,0
0.5403275,0.7778712,0
0.90850383,0.80223876,0
0.7972501,0.073616326,1
0.80531913,0.08683729,1
0.4258405,0.79796594,0
0.96201605,0.06721133,1
0.5073176,0.42944568,1
0.16437352,0.31547683,0
0.57853407,0.063710034,1
0.17536175,0.5762795,0
0.82247996,0.8284591,0
0.5256371,0.28643334,1
0.31353867,0.59491336,0
0.70850337,0.9734776,0
0.16047913,0.2957123,0
0.8730519,0.59760064,1
0.29317194,0.7056363,0
0.19815338,0.6046362,0
0.3712101,0.4220227,0
0.48642576,0.11810827,1
0.878427,0.991043,0
0.5897006,0.32298774,1
0.5529645,0.2828331,1
0.8013177,0.8878836,0
0.64750665,0.9432507,0
0.90289575,0.8853438,0
0.09956622,0.8510844,0
0.22366709,0.49467432,0
0.3344301,0.043755412,1
0.7604906,0.09246522,1
0.48250324,0.3739226,1
0.7673272,0.9442616,0
0.26323318,0.3586933,0
0.518236,0.76639235,0
0.84883183,0.9944598,0
0.62720317,0.3259055,1
0.6121977,0.8928036,0
0.23259896,0.9803029,0
0.6488187,0.51448005,1
0.38593388,0.5726542,0
0.21134746,0.093485475,1
0.5758231,0.92938155,0
0.62456346,0.22653663,1
0.7589995,0.3984369,1
0.4844023,0.9782331,0
0.7182124,0.27639955,1
0.4361621,0.35782933,1
0.17279649,0.6254765,0
0.28789943,0.121662736,1
0.6687747,0.5755302,1
0.9271197,0.07743776,1
0.08809,0.12018168,1
0.29560184,0.42869437,0
0.80611986,0.47576022,1
0.3219884,0.6783127,0
0.52669114,0.79605633,0
0.38673484,0.41113985,1
0.026417911,0.60674673,0
0.22221124,0.46057558,0
0.6903094,0.65502393,0
0.5266372,0.9295361,0
0.10971415,0.34243864,0
0.74969876,0.33112097,1
0.69402486,0.035688996,1
0.8386208,0.8677296,0
0.6925209,0.19866425,1
0.34212244,0.08155197,1
0.9692632,0.3124684,1
0.71490103,0.77705145,0
0.67451334,0.20435292,1
0.5232759,0.06288546,1
0.2516188,0.9759331,0
0.034778953,0.7403471,0
0.8439545,0.41176635,1
0.7128959,0.09893203,1
0.8913483,0.19948179,1
0.7958863,0.02815187,1
0.30135423,0.056791365,1
0.23632461,0.3928494,0
0.03792739,0.31085682,0
0.21001917,0.43567425,0
0.0783903,0.24937028,0
0.7725876,0.8780645,0
0.39432597,0.5568215,0
0.29701227,0.40540284,0
0.27951574,0.5182601,0
0.53314424,0.22961396,1
0.6721651,0.5305221,1
0.6442051,0.5936403,1
0.52594453,0.46164775,1
0.49066746,0.8888922,0
0.8546498,0.6768785,1
0.7512276,0.16580552,1
0.92062944,0.23736066,1
0.5113622,0.281272,1
0.51113415,0.89755654,0
0.7060844,0.5836717,1
0.9417447,0.3717109,1
0.8367293,0.46292484,1
0.61781186,0.31837988,1
0.95148385,0.85947216,0
0.5958723,0.16352665,1
0.8129967,0.26398665,1
0.64232254,0.23774081,1
0.47480935,0.29804695,1
0.25494665,0.5552463,0
0.9235672,0.40942454,1
0.35541362,0.1255427,1
0.96041304,0.49338746,1
0.50547224,0.6214592,0
0.5246494,0.3055762,1
0.13678336,0.25032032,1
0.6061156,0.1673516,1
0.5520273,0.5964093,0
0.69984347,0.8476542,0
0.43065214,0.88120735,0
0.27950817,0.24051148,1
0.41407764,0.25538093,1
0.79291797,0.15723717,1
0.92689884,0.0501858,1
0.59232986,0.30037624,1
0.3528723,0.08410621,1
0.58730024,0.6639005,0
0.23048615,0.9922367,0
0.29378515,0.45275217,0
0.010055304,0.59971416,0
0.043555558,0.5389829,0
0.5603648,0.21267009,1
0.75505435,0.22075945,1
0.23960173,0.33591443,0
0.6278709,0.06709927,1
0.45311064,0.640589,0
0.65819937,0.82352793,0
0.062883854,0.7951825,0
0.018322945,0.25169086,0
0.45225447,0.16325867,1
0.98514676,0.0054060817,1
0.422593,0.8309421,0
0.8581776,0.13379991,1
0.6350311,0.632016,0
0.5477646,0.33496118,1
0.46915984,0.5653318,0
0.5632886,0.4457274,1
0.9681642,0.36089724,1
0.7516496,0.2992484,1
0.16403276,0.25022745,1
0.9924911,0.7281863,1
0.48024958,0.78999805,0
0.045272768,0.7293612,0
0.3965742,0.23401237,1
0.58172834,0.39039022,1
0.1161229,0.76223654,0
0.70226127,0.7883059,0
0.48741794,0.42588395,1
0.76505023,0.3047139,1
0.25567245,0.48741966,0
0.89064074,0.53616023,1
0.19626898,0.3233446,0
0.116739035,0.3888288,0
0.91932285,0.32543337,1
0.5216947,0.356403,1
0.69305533,0.9885034,0
0.08058053,0.77685875,0
0.4474843,0.1782301,1
0.47603518,0.0031501055,1
0.2583329,0.020413876,1
0.94956243,0.3918445,1
0.06931263,0.5152553,0
0.4165271,0.1327402,1
0.12687314,0.88745344,0
0.03628826,0.9174458,0
0.8711082,0.89556444,0
0.84332895,0.5646723,1
0.868458,0.014690936,1
0.46521568,0.8519164,0
0.1547612,0.8398551,0
0.80377877,0.07013661,1
0.59919626,0.54824704,1
0.8393952,0.7668321,0
0.83440053,0.28931534,1
0.57823706,0.7564049,0
0.1597929,0.35304993,0
0.5343733,0.91465163,0
0.13314772,0.40037864,0
0.55365235,0.35725027,1
0.35839236,0.29919624,1
0.89798814,0.77190953,0
0.094724536,0.35774893,0
0.44651425,0.9832339,0
0.04363537,0.46825755,0
0.6091154,0.44290632,1
0.6499678,0.68522453,0
0.0040014386,0.58264154,0
0.80821735,0.62397194,1
0.17426366,0.49428308,0
0.32687193,0.040973246,1
0.4729836,0.8379601,0
0.86679363,0.34314477,1
0.97774214,0.7623418,1
0.94433236,0.08899033,1
0.3486929,0.5780174,0
0.26640272,0.02351284,1
0.8663193,0.11925578,1
0.46562845,0.56658417,0
0.56653196,0.49873352,1
0.65284824,0.7719083,0
0.07526457,0.494991,0
0.8494779,0.3765208,1
0.25734955,0.686125,0
0.68725574,0.61823153,1
0.48463017,0.05529511,1
0.82980996,0.41280037,1
0.5019138,0.39555365,1
0.9175695,0.054234266,1
0.9274198,0.72504056,1
0.82483417,0.6115817,1
0.5700746,0.93427324,0
0.6542661,0.98036724,0
0.77995473,0.3140121,1
0.9410963,0.4458056,1
0.7443539,0.21030998,1
0.39271247,0.3526833,1
0.35567492,0.007398069,1
0.90364784,0.12752247,1
0.36737704,0.82068783,0
0.9999569,0.9436507,0
0.49246198,0.46621937,1
0.21823871,0.5828784,0
0.20735872,0.23934919,1
0.6146792,0.10269588,1
0.07283646,0.523609,0
0.8601012,0.5707209,1
0.23452616,0.6761428,0
0.08334482,0.61710656,0
0.22633749,0.9297588,0
0.41875732,0.79163414,0
0.87151754,0.33864748,1
0.46722937,0.8526989,0
0.16272521,0.51872796,0
0.17135006,0.20781475,1
0.12735403,0.9373435,0
0.766709,0.7135865,0
0.10197079,0.008944035,1
0.1939215,0.37982357,0
0.014115214,0.2471698,0
0.12655133,0.79458225,0
0.77891845,0.23141664,1
0.7461828,0.9628355,0
0.7257211,0.89481777,0
0.6890155,0.8632324,0
0.9797803,0.7268988,1
0.99971944,0.42109126,1
0.063393235,0.74390537,0
0.68846816,0.6511449,0
0.85047317,0.8814342,0
0.5259077,0.6204573,0
0.44107795,0.28379762,1
0.7311023,0.25707984,1
0.93176687,0.4037375,1
0.51058054,0.49857152,1
0.7843153,0.12655616,1
0.9158904,0.6696499,1
0.19693035,0.19264865,1
0.53197885,0.7000682,0
0.46463168,0.8568901,0
0.89667815,0.784162,0
0.95734483,0.8995932,0
0.4357596,0.19475144,1
0.03275639,0.8245471,0
0.66690296,0.5960122,1
0.31861115,0.936911,0
0.26722312,0.15935159,1
0.6994868,0.9238688,0
0.38947165,0.3979267,1
0.894317,0.22948831,1
0.11051446,0.2451415,0
0.14329475,0.2599303,1
0.3264454,0.95580983,0
0.17227149,0.38083678,0
0.49404788,0.76786757,0
0.8741182,0.55111885,1
0.5951173,0.76755005,0
0.689892,0.7259443,0
0.5889914,0.8446756,0
0.25122964,0.42619377,0
0.9387147,0.8236729,0
0.835809,0.26787984,1
0.6654249,0.51258373,1
0.79584616,0.049037218,1
0.05120951,0.9870041,0
0.7283213,0.29892927,1
0.75266606,0.509609,1
0.9538114,0.8076375,0
0.08722043,0.07511997,1
0.18457139,0.8522074,0
0.38368726,0.5116321,0
0.04791963,0.83025503,0
0.8714247,0.4597162,1
0.05101818,0.6910104,0
0.77489746,0.07141107,1
0.9419633,0.3099578,1
0.11170918,0.09357524,1
0.4891979,0.26007718,1
0.81659627,0.6515296,1
0.49802727,0.18029362,1
0.70755494,0.02901566,1
0.70395964,0.03570485,1
0.5669468,0.37337285,1
